--------------------------------------------------------
--  File created - Thursday-April-21-2022   
--------------------------------------------------------
--------------------------------------------------------
--  DDL for Sequence HIBERNATE_SEQUENCE
--------------------------------------------------------

   CREATE SEQUENCE  "GHEZAEGOITOM"."HIBERNATE_SEQUENCE"  MINVALUE 1 MAXVALUE 9999999999999999999999999999 INCREMENT BY 1 START WITH 221 CACHE 20 NOORDER  NOCYCLE  NOKEEP  NOSCALE  GLOBAL ;
--------------------------------------------------------
--  DDL for Table BLACKHOLE
--------------------------------------------------------

  CREATE TABLE "GHEZAEGOITOM"."BLACKHOLE" 
   (	"ID" NUMBER, 
	"NAME" VARCHAR2(20 BYTE) COLLATE "USING_NLS_COMP", 
	"OBJECTSIZE" NUMBER, 
	"OBJECTMASS" NUMBER, 
	"DESCRIPTION" VARCHAR2(20 BYTE) COLLATE "USING_NLS_COMP", 
	"GALAXY" NUMBER, 
	"DISCOVER" NUMBER
   )  DEFAULT COLLATION "USING_NLS_COMP" SEGMENT CREATION DEFERRED 
  PCTFREE 10 PCTUSED 40 INITRANS 1 MAXTRANS 255 
 NOCOMPRESS LOGGING
  TABLESPACE "USERS" ;
--------------------------------------------------------
--  DDL for Table BLOCKHOLE
--------------------------------------------------------

  CREATE TABLE "GHEZAEGOITOM"."BLOCKHOLE" 
   (	"ID" NUMBER(10,0), 
	"DESCRIPTION" VARCHAR2(255 CHAR) COLLATE "USING_NLS_COMP", 
	"NAME" VARCHAR2(255 CHAR) COLLATE "USING_NLS_COMP", 
	"OBJECTMASS" NUMBER(10,0), 
	"OBJECTSIZE" NUMBER(10,0), 
	"DISCOVER" NUMBER(10,0), 
	"GALAXY" NUMBER(10,0)
   )  DEFAULT COLLATION "USING_NLS_COMP" SEGMENT CREATION DEFERRED 
  PCTFREE 10 PCTUSED 40 INITRANS 1 MAXTRANS 255 
 NOCOMPRESS LOGGING
  TABLESPACE "USERS" ;
--------------------------------------------------------
--  DDL for Table DISCOVER
--------------------------------------------------------

  CREATE TABLE "GHEZAEGOITOM"."DISCOVER" 
   (	"ID" NUMBER, 
	"DATEDISCOVERED" DATE, 
	"DESCRIPTION" VARCHAR2(20 BYTE) COLLATE "USING_NLS_COMP", 
	"COORDINATE" VARCHAR2(5 BYTE) COLLATE "USING_NLS_COMP", 
	"PUBLISH" NUMBER, 
	"DISCOVEREDBY" NUMBER
   )  DEFAULT COLLATION "USING_NLS_COMP" SEGMENT CREATION IMMEDIATE 
  PCTFREE 10 PCTUSED 40 INITRANS 1 MAXTRANS 255 
 NOCOMPRESS LOGGING
  STORAGE(INITIAL 65536 NEXT 1048576 MINEXTENTS 1 MAXEXTENTS 2147483645
  PCTINCREASE 0 FREELISTS 1 FREELIST GROUPS 1
  BUFFER_POOL DEFAULT FLASH_CACHE DEFAULT CELL_FLASH_CACHE DEFAULT)
  TABLESPACE "USERS" ;
--------------------------------------------------------
--  DDL for Table GALACTICCLUSTER
--------------------------------------------------------

  CREATE TABLE "GHEZAEGOITOM"."GALACTICCLUSTER" 
   (	"ID" NUMBER, 
	"NAME" VARCHAR2(20 BYTE) COLLATE "USING_NLS_COMP", 
	"GALACTICSUPERCLUSTER" NUMBER, 
	"DESCRIPTION" VARCHAR2(20 BYTE) COLLATE "USING_NLS_COMP"
   )  DEFAULT COLLATION "USING_NLS_COMP" SEGMENT CREATION IMMEDIATE 
  PCTFREE 10 PCTUSED 40 INITRANS 1 MAXTRANS 255 
 NOCOMPRESS LOGGING
  STORAGE(INITIAL 65536 NEXT 1048576 MINEXTENTS 1 MAXEXTENTS 2147483645
  PCTINCREASE 0 FREELISTS 1 FREELIST GROUPS 1
  BUFFER_POOL DEFAULT FLASH_CACHE DEFAULT CELL_FLASH_CACHE DEFAULT)
  TABLESPACE "USERS" ;
--------------------------------------------------------
--  DDL for Table GALACTICSUPERCLUSTER
--------------------------------------------------------

  CREATE TABLE "GHEZAEGOITOM"."GALACTICSUPERCLUSTER" 
   (	"ID" NUMBER, 
	"NAME" VARCHAR2(20 BYTE) COLLATE "USING_NLS_COMP", 
	"DESCRIPTION" VARCHAR2(20 BYTE) COLLATE "USING_NLS_COMP"
   )  DEFAULT COLLATION "USING_NLS_COMP" SEGMENT CREATION IMMEDIATE 
  PCTFREE 10 PCTUSED 40 INITRANS 1 MAXTRANS 255 
 NOCOMPRESS LOGGING
  STORAGE(INITIAL 65536 NEXT 1048576 MINEXTENTS 1 MAXEXTENTS 2147483645
  PCTINCREASE 0 FREELISTS 1 FREELIST GROUPS 1
  BUFFER_POOL DEFAULT FLASH_CACHE DEFAULT CELL_FLASH_CACHE DEFAULT)
  TABLESPACE "USERS" ;
--------------------------------------------------------
--  DDL for Table GALAXY
--------------------------------------------------------

  CREATE TABLE "GHEZAEGOITOM"."GALAXY" 
   (	"ID" NUMBER, 
	"NAME" VARCHAR2(20 BYTE) COLLATE "USING_NLS_COMP", 
	"UNIVERSE" NUMBER, 
	"GALACTICCLUSTER" NUMBER, 
	"DESCRIPTION" VARCHAR2(20 BYTE) COLLATE "USING_NLS_COMP", 
	"DISCOVER" NUMBER
   )  DEFAULT COLLATION "USING_NLS_COMP" SEGMENT CREATION IMMEDIATE 
  PCTFREE 10 PCTUSED 40 INITRANS 1 MAXTRANS 255 
 NOCOMPRESS LOGGING
  STORAGE(INITIAL 65536 NEXT 1048576 MINEXTENTS 1 MAXEXTENTS 2147483645
  PCTINCREASE 0 FREELISTS 1 FREELIST GROUPS 1
  BUFFER_POOL DEFAULT FLASH_CACHE DEFAULT CELL_FLASH_CACHE DEFAULT)
  TABLESPACE "USERS" ;
--------------------------------------------------------
--  DDL for Table PERSON
--------------------------------------------------------

  CREATE TABLE "GHEZAEGOITOM"."PERSON" 
   (	"FISCALCODE" NUMBER, 
	"FIRSTNAME" VARCHAR2(20 BYTE) COLLATE "USING_NLS_COMP", 
	"LASTNAME" VARCHAR2(20 BYTE) COLLATE "USING_NLS_COMP", 
	"EMAIL" VARCHAR2(20 BYTE) COLLATE "USING_NLS_COMP"
   )  DEFAULT COLLATION "USING_NLS_COMP" SEGMENT CREATION IMMEDIATE 
  PCTFREE 10 PCTUSED 40 INITRANS 1 MAXTRANS 255 
 NOCOMPRESS LOGGING
  STORAGE(INITIAL 65536 NEXT 1048576 MINEXTENTS 1 MAXEXTENTS 2147483645
  PCTINCREASE 0 FREELISTS 1 FREELIST GROUPS 1
  BUFFER_POOL DEFAULT FLASH_CACHE DEFAULT CELL_FLASH_CACHE DEFAULT)
  TABLESPACE "USERS" ;
--------------------------------------------------------
--  DDL for Table PLANET
--------------------------------------------------------

  CREATE TABLE "GHEZAEGOITOM"."PLANET" 
   (	"ID" NUMBER, 
	"NAME" VARCHAR2(20 BYTE) COLLATE "USING_NLS_COMP", 
	"OBJECTSIZE" NUMBER, 
	"OBJECTMASS" NUMBER, 
	"SCORE" NUMBER, 
	"DESCRIPTION" VARCHAR2(20 BYTE) COLLATE "USING_NLS_COMP", 
	"SOLARSYSTEM" NUMBER, 
	"DISCOVER" NUMBER
   )  DEFAULT COLLATION "USING_NLS_COMP" SEGMENT CREATION IMMEDIATE 
  PCTFREE 10 PCTUSED 40 INITRANS 1 MAXTRANS 255 
 NOCOMPRESS LOGGING
  STORAGE(INITIAL 65536 NEXT 1048576 MINEXTENTS 1 MAXEXTENTS 2147483645
  PCTINCREASE 0 FREELISTS 1 FREELIST GROUPS 1
  BUFFER_POOL DEFAULT FLASH_CACHE DEFAULT CELL_FLASH_CACHE DEFAULT)
  TABLESPACE "USERS" ;
--------------------------------------------------------
--  DDL for Table PUBLISH
--------------------------------------------------------

  CREATE TABLE "GHEZAEGOITOM"."PUBLISH" 
   (	"ID" NUMBER, 
	"DATEPUBLISHED" DATE, 
	"PLACE" VARCHAR2(20 BYTE) COLLATE "USING_NLS_COMP"
   )  DEFAULT COLLATION "USING_NLS_COMP" SEGMENT CREATION IMMEDIATE 
  PCTFREE 10 PCTUSED 40 INITRANS 1 MAXTRANS 255 
 NOCOMPRESS LOGGING
  STORAGE(INITIAL 65536 NEXT 1048576 MINEXTENTS 1 MAXEXTENTS 2147483645
  PCTINCREASE 0 FREELISTS 1 FREELIST GROUPS 1
  BUFFER_POOL DEFAULT FLASH_CACHE DEFAULT CELL_FLASH_CACHE DEFAULT)
  TABLESPACE "USERS" ;
--------------------------------------------------------
--  DDL for Table SOLARSYSTEM
--------------------------------------------------------

  CREATE TABLE "GHEZAEGOITOM"."SOLARSYSTEM" 
   (	"ID" NUMBER, 
	"NAME" VARCHAR2(20 BYTE) COLLATE "USING_NLS_COMP", 
	"GALAXY" NUMBER, 
	"DESCRIPTION" VARCHAR2(20 BYTE) COLLATE "USING_NLS_COMP", 
	"DISCOVER" NUMBER
   )  DEFAULT COLLATION "USING_NLS_COMP" SEGMENT CREATION IMMEDIATE 
  PCTFREE 10 PCTUSED 40 INITRANS 1 MAXTRANS 255 
 NOCOMPRESS LOGGING
  STORAGE(INITIAL 65536 NEXT 1048576 MINEXTENTS 1 MAXEXTENTS 2147483645
  PCTINCREASE 0 FREELISTS 1 FREELIST GROUPS 1
  BUFFER_POOL DEFAULT FLASH_CACHE DEFAULT CELL_FLASH_CACHE DEFAULT)
  TABLESPACE "USERS" ;
--------------------------------------------------------
--  DDL for Table STAR
--------------------------------------------------------

  CREATE TABLE "GHEZAEGOITOM"."STAR" 
   (	"ID" NUMBER, 
	"NAME" VARCHAR2(20 BYTE) COLLATE "USING_NLS_COMP", 
	"OBJECTSIZE" NUMBER, 
	"OBJECTMASS" NUMBER, 
	"DESCRIPTION" VARCHAR2(20 BYTE) COLLATE "USING_NLS_COMP", 
	"SOLARSYSTEM" NUMBER, 
	"DISCOVER" NUMBER
   )  DEFAULT COLLATION "USING_NLS_COMP" SEGMENT CREATION IMMEDIATE 
  PCTFREE 10 PCTUSED 40 INITRANS 1 MAXTRANS 255 
 NOCOMPRESS LOGGING
  STORAGE(INITIAL 65536 NEXT 1048576 MINEXTENTS 1 MAXEXTENTS 2147483645
  PCTINCREASE 0 FREELISTS 1 FREELIST GROUPS 1
  BUFFER_POOL DEFAULT FLASH_CACHE DEFAULT CELL_FLASH_CACHE DEFAULT)
  TABLESPACE "USERS" ;
--------------------------------------------------------
--  DDL for Table SUPERNOVA
--------------------------------------------------------

  CREATE TABLE "GHEZAEGOITOM"."SUPERNOVA" 
   (	"ID" NUMBER, 
	"NAME" VARCHAR2(20 BYTE) COLLATE "USING_NLS_COMP", 
	"BRIGHTNESS" NUMBER, 
	"UNIVERSE" NUMBER, 
	"DESCRIPTION" VARCHAR2(20 BYTE) COLLATE "USING_NLS_COMP", 
	"DISCOVER" NUMBER
   )  DEFAULT COLLATION "USING_NLS_COMP" SEGMENT CREATION IMMEDIATE 
  PCTFREE 10 PCTUSED 40 INITRANS 1 MAXTRANS 255 
 NOCOMPRESS LOGGING
  STORAGE(INITIAL 65536 NEXT 1048576 MINEXTENTS 1 MAXEXTENTS 2147483645
  PCTINCREASE 0 FREELISTS 1 FREELIST GROUPS 1
  BUFFER_POOL DEFAULT FLASH_CACHE DEFAULT CELL_FLASH_CACHE DEFAULT)
  TABLESPACE "USERS" ;
--------------------------------------------------------
--  DDL for Table UNIVERSE
--------------------------------------------------------

  CREATE TABLE "GHEZAEGOITOM"."UNIVERSE" 
   (	"ID" NUMBER, 
	"NAME" VARCHAR2(20 BYTE) COLLATE "USING_NLS_COMP", 
	"DESCRIPTION" VARCHAR2(20 BYTE) COLLATE "USING_NLS_COMP", 
	"COORDINATE" VARCHAR2(5 BYTE) COLLATE "USING_NLS_COMP"
   )  DEFAULT COLLATION "USING_NLS_COMP" SEGMENT CREATION IMMEDIATE 
  PCTFREE 10 PCTUSED 40 INITRANS 1 MAXTRANS 255 
 NOCOMPRESS LOGGING
  STORAGE(INITIAL 65536 NEXT 1048576 MINEXTENTS 1 MAXEXTENTS 2147483645
  PCTINCREASE 0 FREELISTS 1 FREELIST GROUPS 1
  BUFFER_POOL DEFAULT FLASH_CACHE DEFAULT CELL_FLASH_CACHE DEFAULT)
  TABLESPACE "USERS" ;
REM INSERTING into GHEZAEGOITOM.BLACKHOLE
SET DEFINE OFF;
REM INSERTING into GHEZAEGOITOM.BLOCKHOLE
SET DEFINE OFF;
REM INSERTING into GHEZAEGOITOM.DISCOVER
SET DEFINE OFF;
Insert into GHEZAEGOITOM.DISCOVER (ID,DATEDISCOVERED,DESCRIPTION,COORDINATE,PUBLISH,DISCOVEREDBY) values (200,to_date('14-APR-22','DD-MON-RR'),'fisrst discovery','123',null,199);
Insert into GHEZAEGOITOM.DISCOVER (ID,DATEDISCOVERED,DESCRIPTION,COORDINATE,PUBLISH,DISCOVEREDBY) values (202,to_date('15-APR-22','DD-MON-RR'),'second discovery','123',null,199);
REM INSERTING into GHEZAEGOITOM.GALACTICCLUSTER
SET DEFINE OFF;
Insert into GHEZAEGOITOM.GALACTICCLUSTER (ID,NAME,GALACTICSUPERCLUSTER,DESCRIPTION) values (209,'GC1',208,'FIRST');
Insert into GHEZAEGOITOM.GALACTICCLUSTER (ID,NAME,GALACTICSUPERCLUSTER,DESCRIPTION) values (211,'GC2',210,'SECOND');
REM INSERTING into GHEZAEGOITOM.GALACTICSUPERCLUSTER
SET DEFINE OFF;
Insert into GHEZAEGOITOM.GALACTICSUPERCLUSTER (ID,NAME,DESCRIPTION) values (208,'Galactic SC 1','first one');
Insert into GHEZAEGOITOM.GALACTICSUPERCLUSTER (ID,NAME,DESCRIPTION) values (210,'Galactic SC 2','second2');
REM INSERTING into GHEZAEGOITOM.GALAXY
SET DEFINE OFF;
Insert into GHEZAEGOITOM.GALAXY (ID,NAME,UNIVERSE,GALACTICCLUSTER,DESCRIPTION,DISCOVER) values (212,'galaxy1',204,209,'first',200);
Insert into GHEZAEGOITOM.GALAXY (ID,NAME,UNIVERSE,GALACTICCLUSTER,DESCRIPTION,DISCOVER) values (213,'galaxy2',205,211,'second',202);
REM INSERTING into GHEZAEGOITOM.PERSON
SET DEFINE OFF;
Insert into GHEZAEGOITOM.PERSON (FISCALCODE,FIRSTNAME,LASTNAME,EMAIL) values (199,'ghezae','goitom','ggappsww@gmail.com');
Insert into GHEZAEGOITOM.PERSON (FISCALCODE,FIRSTNAME,LASTNAME,EMAIL) values (201,'zzz','dff','gss@gmail.com');
REM INSERTING into GHEZAEGOITOM.PLANET
SET DEFINE OFF;
Insert into GHEZAEGOITOM.PLANET (ID,NAME,OBJECTSIZE,OBJECTMASS,SCORE,DESCRIPTION,SOLARSYSTEM,DISCOVER) values (217,'planet1',12,122,111,'hello',215,202);
Insert into GHEZAEGOITOM.PLANET (ID,NAME,OBJECTSIZE,OBJECTMASS,SCORE,DESCRIPTION,SOLARSYSTEM,DISCOVER) values (218,'planet2',12,122,111,'hello',215,202);
REM INSERTING into GHEZAEGOITOM.PUBLISH
SET DEFINE OFF;
Insert into GHEZAEGOITOM.PUBLISH (ID,DATEPUBLISHED,PLACE) values (203,to_date('08-APR-22','DD-MON-RR'),'ggg');
REM INSERTING into GHEZAEGOITOM.SOLARSYSTEM
SET DEFINE OFF;
Insert into GHEZAEGOITOM.SOLARSYSTEM (ID,NAME,GALAXY,DESCRIPTION,DISCOVER) values (214,'solar1',212,'first',200);
Insert into GHEZAEGOITOM.SOLARSYSTEM (ID,NAME,GALAXY,DESCRIPTION,DISCOVER) values (215,'solar2',213,'second',200);
REM INSERTING into GHEZAEGOITOM.STAR
SET DEFINE OFF;
Insert into GHEZAEGOITOM.STAR (ID,NAME,OBJECTSIZE,OBJECTMASS,DESCRIPTION,SOLARSYSTEM,DISCOVER) values (216,'solar',12,12,'hsaolksd',215,200);
REM INSERTING into GHEZAEGOITOM.SUPERNOVA
SET DEFINE OFF;
Insert into GHEZAEGOITOM.SUPERNOVA (ID,NAME,BRIGHTNESS,UNIVERSE,DESCRIPTION,DISCOVER) values (206,'supernova',12,204,'first',200);
Insert into GHEZAEGOITOM.SUPERNOVA (ID,NAME,BRIGHTNESS,UNIVERSE,DESCRIPTION,DISCOVER) values (207,'supernova2',12,205,'second',200);
REM INSERTING into GHEZAEGOITOM.UNIVERSE
SET DEFINE OFF;
Insert into GHEZAEGOITOM.UNIVERSE (ID,NAME,DESCRIPTION,COORDINATE) values (204,'universe1','jj','120');
Insert into GHEZAEGOITOM.UNIVERSE (ID,NAME,DESCRIPTION,COORDINATE) values (205,'universe2','jj','120');
--------------------------------------------------------
--  DDL for Procedure POPULATECUSTOMER
--------------------------------------------------------
set define off;

  CREATE OR REPLACE EDITIONABLE PROCEDURE "GHEZAEGOITOM"."POPULATECUSTOMER" as
BEGIN
  FOR i IN 1..400  LOOP 
    INSERT INTO Customer VALUES (
      dbms_random.string('L',8), 
      dbms_random.string('L',8), 
      dbms_random.string('L',8),
      dbms_random.value(1000000,9999999),
      dbms_random.string('L',6),
      (SELECT TO_DATE(TRUNC(DBMS_RANDOM.VALUE(TO_CHAR(DATE '1910-01-01','J'), TO_CHAR(DATE '1999-12-31', 'J'))), 'J') FROM DUAL));
  END LOOP;
END;

/
--------------------------------------------------------
--  DDL for Procedure POPULATEGALAXY
--------------------------------------------------------
set define off;

  CREATE OR REPLACE EDITIONABLE PROCEDURE "GHEZAEGOITOM"."POPULATEGALAXY" as
BEGIN
  FOR i IN 1..5  LOOP 
    INSERT INTO Galaxy VALUES (

      i, 
      dbms_random.string('L',8),
      SolarsystemTB(SolarType(
      1, 
      dbms_random.string('L',8),
      (
      PlanetTB(PlanetType( 5,dbms_random.string('L',8),round(dbms_random.value(1,1000000000)),round(dbms_random.value(1,1000000000)),dbms_random.string('L',15)),
      PlanetType( 6,dbms_random.string('L',8),round(dbms_random.value(1,1000000000)),round(dbms_random.value(1,1000000000)),dbms_random.string('L',15)),
      PlanetType( 7,dbms_random.string('L',8),round(dbms_random.value(1,1000000000)),round(dbms_random.value(1,1000000000)),dbms_random.string('L',15)))
      ),
      (
          StarTB(StarType( 5,dbms_random.string('L',8),round(dbms_random.value(1,1000000000)),round(dbms_random.value(1,1000000000)),dbms_random.string('L',15)),
      StarType( 6,dbms_random.string('L',8),round(dbms_random.value(1,1000000000)),round(dbms_random.value(1,1000000000)),dbms_random.string('L',15)),
      StarType( 7,dbms_random.string('L',8),round(dbms_random.value(1,1000000000)),round(dbms_random.value(1,1000000000)),dbms_random.string('L',15)))
      ),
      dbms_random.string('L',15)
      )),
      (
      BlackholeTB(BlackholeType( 1,dbms_random.string('L',8),round(dbms_random.value(1,1000000000)),round(dbms_random.value(1,1000000000)),dbms_random.string('L',15)),
      BlackholeType( 2,dbms_random.string('L',8),round(dbms_random.value(1,1000000000)),round(dbms_random.value(1,1000000000)),dbms_random.string('L',15)),
      BlackholeType( 3,dbms_random.string('L',8),round(dbms_random.value(1,1000000000)),round(dbms_random.value(1,1000000000)),dbms_random.string('L',15)))
      ),
      dbms_random.string('L',15))      
END LOOP;
  COMMIT;
END;

/
--------------------------------------------------------
--  DDL for Procedure POPULATEPERSON
--------------------------------------------------------
set define off;

  CREATE OR REPLACE EDITIONABLE PROCEDURE "GHEZAEGOITOM"."POPULATEPERSON" as
BEGIN
  FOR i IN 1..5  LOOP 
    INSERT INTO PERSON VALUES (
      i, 
      dbms_random.string('L',8),
      dbms_random.string('L',8),
      dbms_random.string('L',8));      
END LOOP;
  COMMIT;
END;

/
--------------------------------------------------------
--  Constraints for Table GALACTICSUPERCLUSTER
--------------------------------------------------------

  ALTER TABLE "GHEZAEGOITOM"."GALACTICSUPERCLUSTER" ADD PRIMARY KEY ("ID")
  USING INDEX PCTFREE 10 INITRANS 2 MAXTRANS 255 
  STORAGE(INITIAL 65536 NEXT 1048576 MINEXTENTS 1 MAXEXTENTS 2147483645
  PCTINCREASE 0 FREELISTS 1 FREELIST GROUPS 1
  BUFFER_POOL DEFAULT FLASH_CACHE DEFAULT CELL_FLASH_CACHE DEFAULT)
  TABLESPACE "USERS"  ENABLE;
--------------------------------------------------------
--  Constraints for Table GALAXY
--------------------------------------------------------

  ALTER TABLE "GHEZAEGOITOM"."GALAXY" ADD PRIMARY KEY ("ID")
  USING INDEX PCTFREE 10 INITRANS 2 MAXTRANS 255 
  STORAGE(INITIAL 65536 NEXT 1048576 MINEXTENTS 1 MAXEXTENTS 2147483645
  PCTINCREASE 0 FREELISTS 1 FREELIST GROUPS 1
  BUFFER_POOL DEFAULT FLASH_CACHE DEFAULT CELL_FLASH_CACHE DEFAULT)
  TABLESPACE "USERS"  ENABLE;
--------------------------------------------------------
--  Constraints for Table BLOCKHOLE
--------------------------------------------------------

  ALTER TABLE "GHEZAEGOITOM"."BLOCKHOLE" MODIFY ("ID" NOT NULL ENABLE);
  ALTER TABLE "GHEZAEGOITOM"."BLOCKHOLE" ADD PRIMARY KEY ("ID")
  USING INDEX PCTFREE 10 INITRANS 2 MAXTRANS 255 
  TABLESPACE "USERS"  ENABLE;
--------------------------------------------------------
--  Constraints for Table GALACTICCLUSTER
--------------------------------------------------------

  ALTER TABLE "GHEZAEGOITOM"."GALACTICCLUSTER" ADD PRIMARY KEY ("ID")
  USING INDEX PCTFREE 10 INITRANS 2 MAXTRANS 255 
  STORAGE(INITIAL 65536 NEXT 1048576 MINEXTENTS 1 MAXEXTENTS 2147483645
  PCTINCREASE 0 FREELISTS 1 FREELIST GROUPS 1
  BUFFER_POOL DEFAULT FLASH_CACHE DEFAULT CELL_FLASH_CACHE DEFAULT)
  TABLESPACE "USERS"  ENABLE;
--------------------------------------------------------
--  Constraints for Table PERSON
--------------------------------------------------------

  ALTER TABLE "GHEZAEGOITOM"."PERSON" ADD PRIMARY KEY ("FISCALCODE")
  USING INDEX PCTFREE 10 INITRANS 2 MAXTRANS 255 
  STORAGE(INITIAL 65536 NEXT 1048576 MINEXTENTS 1 MAXEXTENTS 2147483645
  PCTINCREASE 0 FREELISTS 1 FREELIST GROUPS 1
  BUFFER_POOL DEFAULT FLASH_CACHE DEFAULT CELL_FLASH_CACHE DEFAULT)
  TABLESPACE "USERS"  ENABLE;
--------------------------------------------------------
--  Constraints for Table STAR
--------------------------------------------------------

  ALTER TABLE "GHEZAEGOITOM"."STAR" ADD PRIMARY KEY ("ID")
  USING INDEX PCTFREE 10 INITRANS 2 MAXTRANS 255 
  STORAGE(INITIAL 65536 NEXT 1048576 MINEXTENTS 1 MAXEXTENTS 2147483645
  PCTINCREASE 0 FREELISTS 1 FREELIST GROUPS 1
  BUFFER_POOL DEFAULT FLASH_CACHE DEFAULT CELL_FLASH_CACHE DEFAULT)
  TABLESPACE "USERS"  ENABLE;
--------------------------------------------------------
--  Constraints for Table UNIVERSE
--------------------------------------------------------

  ALTER TABLE "GHEZAEGOITOM"."UNIVERSE" ADD PRIMARY KEY ("ID")
  USING INDEX PCTFREE 10 INITRANS 2 MAXTRANS 255 
  STORAGE(INITIAL 65536 NEXT 1048576 MINEXTENTS 1 MAXEXTENTS 2147483645
  PCTINCREASE 0 FREELISTS 1 FREELIST GROUPS 1
  BUFFER_POOL DEFAULT FLASH_CACHE DEFAULT CELL_FLASH_CACHE DEFAULT)
  TABLESPACE "USERS"  ENABLE;
--------------------------------------------------------
--  Constraints for Table BLACKHOLE
--------------------------------------------------------

  ALTER TABLE "GHEZAEGOITOM"."BLACKHOLE" ADD PRIMARY KEY ("ID")
  USING INDEX PCTFREE 10 INITRANS 2 MAXTRANS 255 
  TABLESPACE "USERS"  ENABLE;
--------------------------------------------------------
--  Constraints for Table PLANET
--------------------------------------------------------

  ALTER TABLE "GHEZAEGOITOM"."PLANET" ADD PRIMARY KEY ("ID")
  USING INDEX PCTFREE 10 INITRANS 2 MAXTRANS 255 
  STORAGE(INITIAL 65536 NEXT 1048576 MINEXTENTS 1 MAXEXTENTS 2147483645
  PCTINCREASE 0 FREELISTS 1 FREELIST GROUPS 1
  BUFFER_POOL DEFAULT FLASH_CACHE DEFAULT CELL_FLASH_CACHE DEFAULT)
  TABLESPACE "USERS"  ENABLE;
--------------------------------------------------------
--  Constraints for Table PUBLISH
--------------------------------------------------------

  ALTER TABLE "GHEZAEGOITOM"."PUBLISH" ADD PRIMARY KEY ("ID")
  USING INDEX PCTFREE 10 INITRANS 2 MAXTRANS 255 
  STORAGE(INITIAL 65536 NEXT 1048576 MINEXTENTS 1 MAXEXTENTS 2147483645
  PCTINCREASE 0 FREELISTS 1 FREELIST GROUPS 1
  BUFFER_POOL DEFAULT FLASH_CACHE DEFAULT CELL_FLASH_CACHE DEFAULT)
  TABLESPACE "USERS"  ENABLE;
--------------------------------------------------------
--  Constraints for Table SOLARSYSTEM
--------------------------------------------------------

  ALTER TABLE "GHEZAEGOITOM"."SOLARSYSTEM" ADD PRIMARY KEY ("ID")
  USING INDEX PCTFREE 10 INITRANS 2 MAXTRANS 255 
  STORAGE(INITIAL 65536 NEXT 1048576 MINEXTENTS 1 MAXEXTENTS 2147483645
  PCTINCREASE 0 FREELISTS 1 FREELIST GROUPS 1
  BUFFER_POOL DEFAULT FLASH_CACHE DEFAULT CELL_FLASH_CACHE DEFAULT)
  TABLESPACE "USERS"  ENABLE;
--------------------------------------------------------
--  Constraints for Table SUPERNOVA
--------------------------------------------------------

  ALTER TABLE "GHEZAEGOITOM"."SUPERNOVA" ADD PRIMARY KEY ("ID")
  USING INDEX PCTFREE 10 INITRANS 2 MAXTRANS 255 
  STORAGE(INITIAL 65536 NEXT 1048576 MINEXTENTS 1 MAXEXTENTS 2147483645
  PCTINCREASE 0 FREELISTS 1 FREELIST GROUPS 1
  BUFFER_POOL DEFAULT FLASH_CACHE DEFAULT CELL_FLASH_CACHE DEFAULT)
  TABLESPACE "USERS"  ENABLE;
--------------------------------------------------------
--  Constraints for Table DISCOVER
--------------------------------------------------------

  ALTER TABLE "GHEZAEGOITOM"."DISCOVER" ADD PRIMARY KEY ("ID")
  USING INDEX PCTFREE 10 INITRANS 2 MAXTRANS 255 
  STORAGE(INITIAL 65536 NEXT 1048576 MINEXTENTS 1 MAXEXTENTS 2147483645
  PCTINCREASE 0 FREELISTS 1 FREELIST GROUPS 1
  BUFFER_POOL DEFAULT FLASH_CACHE DEFAULT CELL_FLASH_CACHE DEFAULT)
  TABLESPACE "USERS"  ENABLE;
--------------------------------------------------------
--  Ref Constraints for Table BLACKHOLE
--------------------------------------------------------

  ALTER TABLE "GHEZAEGOITOM"."BLACKHOLE" ADD FOREIGN KEY ("GALAXY")
	  REFERENCES "GHEZAEGOITOM"."GALAXY" ("ID") ENABLE;
  ALTER TABLE "GHEZAEGOITOM"."BLACKHOLE" ADD FOREIGN KEY ("DISCOVER")
	  REFERENCES "GHEZAEGOITOM"."DISCOVER" ("ID") ENABLE;
--------------------------------------------------------
--  Ref Constraints for Table BLOCKHOLE
--------------------------------------------------------

  ALTER TABLE "GHEZAEGOITOM"."BLOCKHOLE" ADD CONSTRAINT "FKDIBHBLQ1KYNTN7WILV7LM64J4" FOREIGN KEY ("DISCOVER")
	  REFERENCES "GHEZAEGOITOM"."DISCOVER" ("ID") ENABLE;
  ALTER TABLE "GHEZAEGOITOM"."BLOCKHOLE" ADD CONSTRAINT "FKKYB1D02P32OEB4M6QUJ1PPV47" FOREIGN KEY ("GALAXY")
	  REFERENCES "GHEZAEGOITOM"."GALAXY" ("ID") ENABLE;
--------------------------------------------------------
--  Ref Constraints for Table DISCOVER
--------------------------------------------------------

  ALTER TABLE "GHEZAEGOITOM"."DISCOVER" ADD FOREIGN KEY ("PUBLISH")
	  REFERENCES "GHEZAEGOITOM"."PUBLISH" ("ID") ENABLE;
  ALTER TABLE "GHEZAEGOITOM"."DISCOVER" ADD FOREIGN KEY ("DISCOVEREDBY")
	  REFERENCES "GHEZAEGOITOM"."PERSON" ("FISCALCODE") ENABLE;
--------------------------------------------------------
--  Ref Constraints for Table GALACTICCLUSTER
--------------------------------------------------------

  ALTER TABLE "GHEZAEGOITOM"."GALACTICCLUSTER" ADD FOREIGN KEY ("GALACTICSUPERCLUSTER")
	  REFERENCES "GHEZAEGOITOM"."GALACTICSUPERCLUSTER" ("ID") ENABLE;
--------------------------------------------------------
--  Ref Constraints for Table GALAXY
--------------------------------------------------------

  ALTER TABLE "GHEZAEGOITOM"."GALAXY" ADD FOREIGN KEY ("UNIVERSE")
	  REFERENCES "GHEZAEGOITOM"."UNIVERSE" ("ID") ENABLE;
  ALTER TABLE "GHEZAEGOITOM"."GALAXY" ADD FOREIGN KEY ("GALACTICCLUSTER")
	  REFERENCES "GHEZAEGOITOM"."GALACTICCLUSTER" ("ID") ENABLE;
  ALTER TABLE "GHEZAEGOITOM"."GALAXY" ADD FOREIGN KEY ("DISCOVER")
	  REFERENCES "GHEZAEGOITOM"."DISCOVER" ("ID") ENABLE;
--------------------------------------------------------
--  Ref Constraints for Table PLANET
--------------------------------------------------------

  ALTER TABLE "GHEZAEGOITOM"."PLANET" ADD FOREIGN KEY ("SOLARSYSTEM")
	  REFERENCES "GHEZAEGOITOM"."SOLARSYSTEM" ("ID") ENABLE;
  ALTER TABLE "GHEZAEGOITOM"."PLANET" ADD FOREIGN KEY ("DISCOVER")
	  REFERENCES "GHEZAEGOITOM"."DISCOVER" ("ID") ENABLE;
--------------------------------------------------------
--  Ref Constraints for Table SOLARSYSTEM
--------------------------------------------------------

  ALTER TABLE "GHEZAEGOITOM"."SOLARSYSTEM" ADD FOREIGN KEY ("GALAXY")
	  REFERENCES "GHEZAEGOITOM"."GALAXY" ("ID") ENABLE;
  ALTER TABLE "GHEZAEGOITOM"."SOLARSYSTEM" ADD FOREIGN KEY ("DISCOVER")
	  REFERENCES "GHEZAEGOITOM"."DISCOVER" ("ID") ENABLE;
--------------------------------------------------------
--  Ref Constraints for Table STAR
--------------------------------------------------------

  ALTER TABLE "GHEZAEGOITOM"."STAR" ADD FOREIGN KEY ("SOLARSYSTEM")
	  REFERENCES "GHEZAEGOITOM"."SOLARSYSTEM" ("ID") ENABLE;
  ALTER TABLE "GHEZAEGOITOM"."STAR" ADD FOREIGN KEY ("DISCOVER")
	  REFERENCES "GHEZAEGOITOM"."DISCOVER" ("ID") ENABLE;
--------------------------------------------------------
--  Ref Constraints for Table SUPERNOVA
--------------------------------------------------------

  ALTER TABLE "GHEZAEGOITOM"."SUPERNOVA" ADD FOREIGN KEY ("UNIVERSE")
	  REFERENCES "GHEZAEGOITOM"."UNIVERSE" ("ID") ENABLE;
  ALTER TABLE "GHEZAEGOITOM"."SUPERNOVA" ADD FOREIGN KEY ("DISCOVER")
	  REFERENCES "GHEZAEGOITOM"."DISCOVER" ("ID") ENABLE;
